raw_qubits,channel_noise,key_rate,secure_rate,sifted_fraction,acceptance_rate,runs
256,0.0,0.0,0.08072916666666667,0.5,0.0,3
256,0.02,0.0,0.028645833333333332,0.5078125,0.0,3
256,0.05,0.0,0.026041666666666668,0.5143229166666666,0.0,3
512,0.0,0.0,0.21419270833333334,0.484375,0.0,3
512,0.02,0.0,0.14518229166666666,0.505859375,0.0,3
512,0.05,0.0,0.057291666666666664,0.4993489583333333,0.0,3
1024,0.0,0.25,0.2906901041666667,0.4951171875,1.0,3
1024,0.02,0.0,0.23046875,0.4973958333333333,0.0,3
1024,0.05,0.0,0.14029947916666666,0.5026041666666666,0.0,3
2048,0.0,0.125,0.3302408854166667,0.5011393229166666,1.0,3
2048,0.02,0.08333333333333333,0.2692057291666667,0.4993489583333333,0.6666666666666666,3
2048,0.05,0.08333333333333333,0.1708984375,0.5006510416666666,0.6666666666666666,3
4096,0.0,0.0625,0.3407389322916667,0.4921061197916667,1.0,3
4096,0.02,0.041666666666666664,0.2764485677083333,0.498046875,0.6666666666666666,3
4096,0.05,0.041666666666666664,0.207763671875,0.4966634114583333,0.6666666666666666,3
