eve_intercept_fraction,qber,qber_all_sifted,theory_qber,qber_threshold,detection_rate,acceptance_rate,runs
0.0,0.0,0.0,0.0,0.11000000000000001,0.0,1.0,5
0.1,0.01827550130268136,0.025556546983579963,0.025,0.11000000000000001,0.0,0.2,5
0.2,0.03630639769213671,0.04409702648122369,0.05,0.11000000000000001,0.0,0.2,5
0.3,0.07930186826981497,0.0702318932906131,0.075,0.11000000000000001,0.0,0.2,5
0.4,0.0924257048514097,0.09044834520367885,0.1,0.11000000000000001,0.2,0.0,5
0.5,0.11386732026405481,0.11994836859722913,0.125,0.11000000000000001,0.6,0.0,5
0.6,0.16191919874818167,0.1587387205589624,0.15,0.11000000000000001,0.8,0.0,5
0.7,0.18563074569597543,0.1723981192183238,0.175,0.11000000000000001,1.0,0.0,5
0.8,0.19159787257950428,0.19275248019831712,0.2,0.11000000000000001,1.0,0.0,5
0.9,0.20938807211235222,0.2177772268949089,0.225,0.11000000000000001,1.0,0.0,5
1.0,0.25579650446404434,0.25342742688474634,0.25,0.11000000000000001,1.0,0.0,5
