channel_noise,qber,qber_all_sifted,theory_qber,qber_threshold,detection_rate,acceptance_rate,runs
0.0,0.0,0.0,0.0,0.11000000000000001,0.0,1.0,5
0.01,0.011387915142341595,0.010856072070779293,0.01,0.11000000000000001,0.0,0.8,5
0.02,0.018712245172832036,0.02154426710862235,0.02,0.11000000000000001,0.0,0.4,5
0.04,0.0379588647420946,0.042704865037770566,0.04,0.11000000000000001,0.0,0.4,5
0.06,0.05709662785580716,0.06083351621276104,0.06,0.11000000000000001,0.0,0.2,5
0.08,0.07795720903928838,0.08044480788732429,0.08,0.11000000000000001,0.0,0.0,5
0.1,0.09680628967822877,0.09870074338957018,0.1,0.11000000000000001,0.0,0.0,5
0.12,0.11803013114697744,0.11443589818877756,0.12,0.11000000000000001,0.8,0.0,5
0.15,0.14455938780246985,0.1426862063798984,0.15,0.11000000000000001,0.8,0.0,5
0.2,0.18906788306621555,0.19650106312924764,0.2,0.11000000000000001,1.0,0.0,5
