key_bits,condition,true_m,estimated_m,peak_m_estimate,correct
4,known_beginning,1,1,0.6089637399097063,True
4,known_beginning,1,1,0.6089637399097054,True
4,known_substring,1,1,0.6089637399097054,True
4,ciphertext_only,1,1,0.6089637399097054,True
4,known_beginning,1,1,0.6089637399097063,True
4,known_beginning,1,1,0.6089637399097063,True
4,known_substring,1,1,0.6089637399097063,True
4,ciphertext_only,1,1,0.6089637399097054,True
4,known_beginning,1,1,0.6089637399097054,True
4,known_beginning,1,1,0.6089637399097054,True
4,known_substring,1,1,0.6089637399097054,True
4,ciphertext_only,1,1,0.6089637399097054,True
4,known_beginning,1,1,0.6089637399097054,True
4,known_beginning,1,1,0.6089637399097054,True
4,known_substring,1,1,0.6089637399097054,True
4,ciphertext_only,1,1,0.6089637399097054,True
4,known_beginning,1,1,0.6089637399097054,True
4,known_beginning,1,1,0.6089637399097054,True
4,known_substring,1,1,0.6089637399097054,True
4,ciphertext_only,4,4,4.938532541079283,True
