method,plaintext_chars,size_ciphertext_bytes,size_key_bytes,size_nonce_bytes,size_plaintext_bytes,size_tag_bytes,ms_decrypt,ms_encrypt,ms_keygen,roundtrip_rate,runs,size_final_key_bits,size_raw_qubits,size_sample_bits,size_sifted_bits,ms_key_exchange,ms_simulation,size_decapsulation_key_bytes,size_encapsulation_key_bytes,size_kem_ciphertext_bytes,size_shared_secret_bytes,ms_decaps,ms_encaps
aes256,16,32.0,32.0,12.0,16.0,16.0,0.0048000000000000004,0.014000000000000002,0.35540000000000005,1.0,5,,,,,,,,,,,,
aes256,100,116.0,32.0,12.0,100.0,16.0,0.0036000000000000003,0.0068000000000000005,0.011399999999999999,1.0,5,,,,,,,,,,,,
aes256,1000,1016.0,32.0,12.0,1000.0,16.0,0.0042,0.007000000000000001,0.0108,1.0,5,,,,,,,,,,,,
bb84,16,32.0,32.0,12.0,16.0,16.0,0.0056,0.028200000000000003,,1.0,5,256.0,1024.0,126.0,503.6,42.2966,30.1238,,,,,,
bb84,100,116.0,32.0,12.0,100.0,16.0,0.0056,0.030199999999999998,,1.0,5,256.0,1024.0,126.0,504.6,43.8098,31.093600000000002,,,,,,
bb84,1000,1016.0,32.0,12.0,1000.0,16.0,0.0062,0.0284,,1.0,5,256.0,2048.0,258.0,1031.4,84.2674,60.1896,,,,,,
mlkem,16,32.0,,12.0,16.0,16.0,0.0164,0.0546,2.193,1.0,5,,,,,,,2400.0,1184.0,1088.0,32.0,3.7880000000000003,2.8152
mlkem,100,116.0,,12.0,100.0,16.0,0.026000000000000002,0.0328,2.2018,1.0,5,,,,,,,2400.0,1184.0,1088.0,32.0,3.8522,2.8044000000000002
mlkem,1000,1016.0,,12.0,1000.0,16.0,0.0154,0.028000000000000004,2.1174,1.0,5,,,,,,,2400.0,1184.0,1088.0,32.0,3.7868000000000004,2.7990000000000004
