cipher,size,construction,model,backend,p,iterations,p_success,success_rate,baseline,transpiled_depth,runs
miniaes,4,,depolarizing,,0.0,,0.96875,1.0,0.0625,37647.0,1
miniaes,4,,depolarizing,,0.001,,0.0390625,0.0,0.0625,37647.0,1
miniaes,4,,depolarizing,,0.005,,0.0546875,0.0,0.0625,37647.0,1
miniaes,4,,depolarizing,,0.02,,0.0390625,0.0,0.0625,37647.0,1
miniaes,4,,fake_backend,FakeGuadalupeV2,,0,0.0546875,0.0,0.0625,4.0,1
miniaes,4,,fake_backend,FakeGuadalupeV2,,1,0.03125,0.0,0.0625,19422.0,1
miniaes,4,,fake_backend,FakeGuadalupeV2,,3,0.0390625,0.0,0.0625,66677.0,1
minirsa,15,iterative,depolarizing,,0.0,,0.7646479999999999,1.0,0.246094,332.0,3
minirsa,15,iterative,depolarizing,,0.001,,0.7480466666666666,1.0,0.246094,332.0,3
minirsa,15,iterative,depolarizing,,0.002,,0.7451173333333334,1.0,0.246094,332.0,3
minirsa,15,iterative,depolarizing,,0.005,,0.7421876666666667,1.0,0.246094,332.0,3
minirsa,15,iterative,depolarizing,,0.01,,0.7421876666666667,1.0,0.246094,332.0,3
minirsa,15,iterative,depolarizing,,0.02,,0.734375,1.0,0.246094,332.0,3
minirsa,15,iterative,depolarizing,,0.05,,0.7519533333333334,1.0,0.246094,332.0,3
minirsa,15,iterative,depolarizing,,0.1,,0.7340493333333334,1.0,0.246094,332.0,3
minirsa,15,iterative,fake_backend,fake_brisbane,,,0.698242,1.0,0.246094,1111.6666666666667,3
minirsa,15,iterative,fake_backend,fake_manila,,,0.5260416666666666,1.0,0.246094,580.3333333333334,3
minirsa,15,swap,depolarizing,,0.0,,0.7701823333333334,1.0,0.246094,304.0,3
minirsa,15,swap,depolarizing,,0.001,,0.7184243333333334,1.0,0.246094,304.0,3
minirsa,15,swap,depolarizing,,0.002,,0.6901043333333333,1.0,0.246094,304.0,3
minirsa,15,swap,depolarizing,,0.005,,0.6334633333333334,1.0,0.246094,304.0,3
minirsa,15,swap,depolarizing,,0.01,,0.5504556666666667,1.0,0.246094,304.0,3
minirsa,15,swap,depolarizing,,0.02,,0.4573566666666667,1.0,0.246094,304.0,3
minirsa,15,swap,depolarizing,,0.05,,0.28743466666666667,1.0,0.246094,304.0,3
minirsa,15,swap,depolarizing,,0.1,,0.242188,1.0,0.246094,304.0,3
minirsa,15,swap,fake_backend,fake_brisbane,,,0.43456999999999996,1.0,0.246094,1330.6666666666667,3
minirsa,15,swap,fake_backend,fake_manila,,,,,0.246094,,1
