cipher,size_kind,size,construction,qubits,depth,transpiled_depth,iterations,runs
miniaes,key_bits,4,,15.0,9.0,1511.0,3.0,1
miniaes,key_bits,6,,18.0,15.0,4449.0,6.0,1
miniaes,key_bits,8,,20.0,27.0,8895.0,12.0,1
miniaes,key_bits,10,,22.0,53.0,20028.0,25.0,1
miniaes,key_bits,12,,24.0,103.0,43453.0,50.0,1
minirsa,modulus,15,iterative,5.0,67.0,421.0,,1
minirsa,modulus,15,permutation,12.0,11.0,1936.0,,1
minirsa,modulus,15,swap,12.0,11.0,362.0,,1
minirsa,modulus,21,iterative,6.0,94.0,40233.0,,1
minirsa,modulus,21,permutation,15.0,13.0,40233.0,,1
minirsa,modulus,33,iterative,7.0,125.0,196461.0,,1
minirsa,modulus,33,permutation,18.0,15.0,196461.0,,1
minirsa,modulus,35,iterative,7.0,125.0,196452.0,,1
minirsa,modulus,35,permutation,18.0,15.0,196452.0,,1
minirsa,modulus,55,iterative,7.0,125.0,196513.0,,1
minirsa,modulus,55,permutation,18.0,15.0,196513.0,,1
minirsa,modulus,77,iterative,8.0,160.0,924594.0,,1
minirsa,modulus,77,permutation,21.0,17.0,924594.0,,1
