cipher,size,condition,a,success_rate,p_success,unique_rate,runs_to_success,runs
miniaes,4,ciphertext_only,,1.0,0.842529296875,0.75,,4
miniaes,4,known_beginning,,1.0,0.966552734375,1.0,,4
miniaes,4,known_substring,,1.0,0.966552734375,1.0,,4
minirsa,15,,,1.0,,,1.475,40
minirsa,15,,11,1.0,0.5026039999999999,,,3
minirsa,15,,13,1.0,0.7701823333333334,,,3
minirsa,15,,2,1.0,0.7701823333333334,,,3
minirsa,15,,4,1.0,0.5026039999999999,,,3
minirsa,15,,7,1.0,0.7701823333333334,,,3
minirsa,15,,8,1.0,0.7701823333333334,,,3
minirsa,21,,,1.0,,,2.2,40
minirsa,21,,10,1.0,0.825195,,,3
minirsa,21,,11,1.0,0.8222656666666667,,,3
minirsa,21,,13,1.0,0.5026039999999999,,,3
minirsa,21,,16,0.0,0.0,,,3
minirsa,21,,17,0.0,0.0,,,3
minirsa,21,,19,1.0,0.8242189999999999,,,3
minirsa,21,,2,1.0,0.8245443333333333,,,3
minirsa,21,,4,0.0,0.0,,,3
minirsa,21,,5,0.0,0.0,,,3
minirsa,21,,8,1.0,0.5026039999999999,,,3
minirsa,33,,,1.0,,,2.45,40
minirsa,33,,10,1.0,0.5026039999999999,,,3
minirsa,33,,13,1.0,0.7945963333333333,,,3
minirsa,33,,14,1.0,0.7929689999999999,,,3
minirsa,33,,16,0.0,0.0,,,3
minirsa,33,,17,0.0,0.0,,,3
minirsa,33,,19,1.0,0.7952473333333333,,,3
minirsa,33,,2,0.0,0.0,,,3
minirsa,33,,20,1.0,0.7945963333333333,,,3
minirsa,33,,23,1.0,0.5026039999999999,,,3
minirsa,33,,25,0.0,0.0,,,3
minirsa,33,,26,1.0,0.7929689999999999,,,3
minirsa,33,,28,1.0,0.7952470000000001,,,3
minirsa,33,,29,0.0,0.0,,,3
minirsa,33,,31,0.0,0.0,,,3
minirsa,33,,4,0.0,0.0,,,3
minirsa,33,,5,1.0,0.796224,,,3
minirsa,33,,7,1.0,0.791667,,,3
minirsa,33,,8,0.0,0.0,,,3
minirsa,35,,,1.0,,,1.8,40
minirsa,35,,11,0.0,0.0,,,3
minirsa,35,,12,1.0,0.6604816666666666,,,3
minirsa,35,,13,1.0,0.7701823333333334,,,3
minirsa,35,,16,0.0,0.0,,,3
minirsa,35,,17,1.0,0.6611326666666667,,,3
minirsa,35,,18,1.0,0.6647133333333333,,,3
minirsa,35,,19,0.0,0.0,,,3
minirsa,35,,2,1.0,0.6578776666666667,,,3
minirsa,35,,22,1.0,0.7701823333333334,,,3
minirsa,35,,23,1.0,0.6640623333333333,,,3
minirsa,35,,24,0.0,0.0,,,3
minirsa,35,,26,1.0,0.8356123333333333,,,3
minirsa,35,,27,1.0,0.7701823333333334,,,3
minirsa,35,,29,1.0,0.5026039999999999,,,3
minirsa,35,,3,1.0,0.6608073333333334,,,3
minirsa,35,,31,1.0,0.8333333333333334,,,3
minirsa,35,,32,1.0,0.6614583333333334,,,3
minirsa,35,,33,1.0,0.6643880000000001,,,3
minirsa,35,,4,1.0,0.8339843333333333,,,3
minirsa,35,,6,1.0,0.5026039999999999,,,3
minirsa,35,,8,1.0,0.7701823333333334,,,3
minirsa,35,,9,1.0,0.8323566666666666,,,3
minirsa,55,,,1.0,,,1.775,40
minirsa,55,,12,1.0,0.7701823333333334,,,3
minirsa,55,,13,1.0,0.5777996666666666,,,3
minirsa,55,,14,1.0,0.7845053333333333,,,3
minirsa,55,,16,0.0,0.0,,,3
minirsa,55,,17,1.0,0.57487,,,3
minirsa,55,,18,1.0,0.5755210000000001,,,3
minirsa,55,,19,0.0,0.0,,,3
minirsa,55,,2,1.0,0.5703126666666667,,,3
minirsa,55,,21,1.0,0.5026039999999999,,,3
minirsa,55,,23,1.0,0.7701823333333334,,,3
minirsa,55,,24,0.0,0.0,,,3
minirsa,55,,26,0.0,0.0,,,3
minirsa,55,,27,1.0,0.5703126666666667,,,3
minirsa,55,,28,1.0,0.5634766666666667,,,3
minirsa,55,,29,0.0,0.0,,,3
minirsa,55,,3,1.0,0.5777996666666666,,,3
minirsa,55,,31,0.0,0.0,,,3
minirsa,55,,32,1.0,0.7701823333333334,,,3
minirsa,55,,34,1.0,0.5026039999999999,,,3
minirsa,55,,36,0.0,0.0,,,3
minirsa,55,,37,1.0,0.5664060000000001,,,3
minirsa,55,,38,1.0,0.5732423333333333,,,3
minirsa,55,,39,0.0,0.0,,,3
minirsa,55,,4,1.0,0.7851563333333335,,,3
minirsa,55,,41,1.0,0.7854816666666666,,,3
minirsa,55,,42,1.0,0.578125,,,3
minirsa,55,,43,1.0,0.7701823333333334,,,3
minirsa,55,,46,1.0,0.7841796666666667,,,3
minirsa,55,,47,1.0,0.583008,,,3
minirsa,55,,48,1.0,0.5683596666666667,,,3
minirsa,55,,49,1.0,0.7897133333333333,,,3
minirsa,55,,51,1.0,0.7854816666666666,,,3
minirsa,55,,52,1.0,0.5771486666666666,,,3
minirsa,55,,53,1.0,0.5758463333333333,,,3
minirsa,55,,6,1.0,0.7835286666666667,,,3
minirsa,55,,7,1.0,0.57194,,,3
minirsa,55,,8,1.0,0.571289,,,3
minirsa,55,,9,1.0,0.7841796666666667,,,3
minirsa,77,,,1.0,,,2.65,40
minirsa,77,,10,0.0,0.0,,,3
minirsa,77,,12,1.0,0.8365883333333333,,,3
minirsa,77,,13,0.0,0.0,,,3
minirsa,77,,15,0.0,0.0,,,3
minirsa,77,,16,0.0,0.0,,,3
minirsa,77,,17,0.0,0.0,,,3
minirsa,77,,18,1.0,0.6754553333333333,,,3
minirsa,77,,19,0.0,0.0,,,3
minirsa,77,,2,1.0,0.6666666666666666,,,3
minirsa,77,,20,1.0,0.8007813333333335,,,3
minirsa,77,,23,0.0,0.0,,,3
minirsa,77,,24,0.0,0.0,,,3
minirsa,77,,25,0.0,0.0,,,3
minirsa,77,,26,1.0,0.676432,,,3
minirsa,77,,27,1.0,0.798177,,,3
minirsa,77,,29,1.0,0.8011066666666666,,,3
minirsa,77,,3,1.0,0.6686200000000001,,,3
minirsa,77,,30,1.0,0.6741536666666667,,,3
minirsa,77,,31,1.0,0.675456,,,3
minirsa,77,,32,1.0,0.8369143333333332,,,3
minirsa,77,,34,1.0,0.5026039999999999,,,3
minirsa,77,,36,0.0,0.0,,,3
minirsa,77,,37,0.0,0.0,,,3
minirsa,77,,38,1.0,0.6751299999999999,,,3
minirsa,77,,39,1.0,0.6761066666666666,,,3
minirsa,77,,4,0.0,0.0,,,3
minirsa,77,,40,0.0,0.0,,,3
minirsa,77,,41,0.0,0.0,,,3
minirsa,77,,43,1.0,0.5026039999999999,,,3
minirsa,77,,45,1.0,0.836914,,,3
minirsa,77,,46,1.0,0.6741536666666667,,,3
minirsa,77,,47,1.0,0.6751299999999999,,,3
minirsa,77,,48,1.0,0.801432,,,3
minirsa,77,,5,1.0,0.6725263333333333,,,3
minirsa,77,,50,1.0,0.7994789999999999,,,3
minirsa,77,,51,1.0,0.6738283333333334,,,3
minirsa,77,,52,0.0,0.0,,,3
minirsa,77,,53,0.0,0.0,,,3
minirsa,77,,54,0.0,0.0,,,3
minirsa,77,,57,1.0,0.8004556666666667,,,3
minirsa,77,,58,0.0,0.0,,,3
minirsa,77,,59,1.0,0.6770833333333334,,,3
minirsa,77,,6,0.0,0.0,,,3
minirsa,77,,60,0.0,0.0,,,3
minirsa,77,,61,0.0,0.0,,,3
minirsa,77,,62,0.0,0.0,,,3
minirsa,77,,64,0.0,0.0,,,3
minirsa,77,,65,1.0,0.8362630000000001,,,3
minirsa,77,,67,0.0,0.0,,,3
minirsa,77,,68,0.0,0.0,,,3
minirsa,77,,69,1.0,0.8001299999999999,,,3
minirsa,77,,71,0.0,0.0,,,3
minirsa,77,,72,1.0,0.6754556666666667,,,3
minirsa,77,,73,0.0,0.0,,,3
minirsa,77,,74,1.0,0.6767576666666667,,,3
minirsa,77,,75,1.0,0.6712236666666667,,,3
minirsa,77,,8,1.0,0.8001299999999999,,,3
minirsa,77,,9,0.0,0.0,,,3
